records,size,acks,compression,inflight,batch,linger,time,batch-size-avg,batch-size-max,batch-split-rate,batch-split-total,buffer-available-bytes,buffer-exhausted-rate,buffer-exhausted-total,buffer-total-bytes,bufferpool-wait-ratio,bufferpool-wait-time-total,compression-rate-avg,connection-close-rate,connection-close-total,connection-count,connection-creation-rate,connection-creation-total,failed-authentication-rate,failed-authentication-total,failed-reauthentication-rate,failed-reauthentication-total,incoming-byte-rate,incoming-byte-total,io-ratio,io-time-ns-avg,io-wait-ratio,io-wait-time-ns-avg,io-waittime-total,iotime-total,metadata-age,network-io-rate,network-io-total,outgoing-byte-rate,outgoing-byte-total,produce-throttle-time-avg,produce-throttle-time-max,reauthentication-latency-avg,reauthentication-latency-max,record-error-rate,record-error-total,record-queue-time-avg,record-queue-time-max,record-retry-rate,record-retry-total,record-send-rate,record-send-total,record-size-avg,record-size-max,records-per-request-avg,request-latency-avg,request-latency-max,request-rate,request-size-avg,request-size-max,request-total,requests-in-flight,response-rate,response-total,select-rate,select-total,successful-authentication-no-reauth-total,successful-authentication-rate,successful-authentication-total,successful-reauthentication-rate,successful-reauthentication-total,waiting-threads,incoming-byte-rate--2,incoming-byte-rate-1,incoming-byte-rate-2,incoming-byte-rate-3,incoming-byte-total--2,incoming-byte-total-1,incoming-byte-total-2,incoming-byte-total-3,outgoing-byte-rate--2,outgoing-byte-rate-1,outgoing-byte-rate-2,outgoing-byte-rate-3,outgoing-byte-total--2,outgoing-byte-total-1,outgoing-byte-total-2,outgoing-byte-total-3,request-latency-avg--2,request-latency-avg-1,request-latency-avg-2,request-latency-avg-3,request-latency-max--2,request-latency-max-1,request-latency-max-2,request-latency-max-3,request-rate--2,request-rate-1,request-rate-2,request-rate-3,request-size-avg--2,request-size-avg-1,request-size-avg-2,request-size-avg-3,request-size-max--2,request-size-max-1,request-size-max-2,request-size-max-3,request-total--2,request-total-1,request-total-2,request-total-3,response-rate--2,response-rate-1,response-rate-2,response-rate-3,response-total--2,response-total-1,response-total-2,response-total-3,byte-rate,byte-total,compression-rate,record-error-rate,record-error-total,record-retry-rate,record-retry-total,record-send-rate,record-send-total
51200,10240,-1,"snappy",1,16384,0,16,10337.000,10337.000,0.000,0.000,33554432.000,0.000,0.000,33554432.000,0.297,13336216996.000,1.002,0.000,0.000,3.000,0.066,3.000,0.000,0.000,0.000,0.000,50769.817,2290988.000,0.017,21974.970,0.272,361226.353,12348161662.000,751192387.000,15.065,760.936,34338.000,11752665.293,530350774.000,0.000,0.000,NaN,NaN,0.000,0.000,578.127,890.000,0.000,0.000,1137.727,51200.000,10327.000,10327.000,2.983,1.689,71.000,380.468,30890.021,41420.000,17169.000,0.000,380.476,17169.000,754.314,34184.000,0.000,0.000,0.000,0.000,0.000,0.000,17.596,32167.489,18722.254,794.000,1447730.000,842464.000,1.728,7827151.255,3956240.818,78.000,352300078.000,178050618.000,NaN,1.733,1.645,NaN,42.000,71.000,0.044,190.224,191.201,39.000,41146.937,20691.530,48.000,41420.000,20730.000,2.000,8562.000,8605.000,0.044,190.241,191.231,2.000,8562.000,8605.000,11760947.534,529254400.000,1.002,0.000,0.000,0.000,0.000,1137.752,51200.000
51200,10240,-1,"snappy",1,16384,20,15,10337.000,10337.000,0.000,0.000,33554432.000,0.000,0.000,33554432.000,0.287,12778636330.000,1.002,0.000,0.000,3.000,0.067,3.000,0.000,0.000,0.000,0.000,51423.859,2297618.000,0.017,21816.687,0.266,350213.233,11925461027.000,742901837.000,14.631,779.929,34848.000,11869944.137,530360974.000,0.000,0.000,NaN,NaN,0.000,0.000,557.157,1130.000,0.000,0.000,1148.755,51200.000,10327.000,10327.000,2.939,1.600,17.000,389.964,30438.532,41420.000,17424.000,0.000,389.973,17424.000,758.853,34052.000,0.000,0.000,0.000,0.000,0.000,0.000,17.771,32610.869,18923.319,794.000,1453336.000,843488.000,1.746,7915856.527,3982578.585,78.000,352833473.000,177527423.000,NaN,1.655,1.545,NaN,17.000,17.000,0.045,195.338,195.509,39.000,40522.967,20370.330,48.000,41420.000,20730.000,2.000,8707.000,8715.000,0.045,195.373,195.518,2.000,8707.000,8715.000,11874944.468,529254400.000,1.002,0.000,0.000,0.000,0.000,1148.781,51200.000
51200,10240,-1,"snappy",1,16384,1000,16,10337.000,10337.000,0.000,0.000,33554432.000,0.000,0.000,33554432.000,0.288,12795965301.000,1.002,0.000,0.000,3.000,0.067,3.000,0.000,0.000,0.000,0.000,51482.229,2295850.000,0.017,21830.322,0.265,346673.934,11857981907.000,746706178.000,14.546,778.383,34712.000,11892507.265,530358254.000,0.000,0.000,NaN,NaN,0.000,0.000,557.386,948.000,0.000,0.000,1150.950,51200.000,10327.000,10327.000,2.951,1.598,15.000,389.192,30557.632,41420.000,17356.000,0.000,389.192,17356.000,763.743,34205.000,0.000,0.000,0.000,0.000,0.000,0.000,17.805,32574.569,19015.894,794.000,1449210.000,845846.000,1.749,7928328.007,3992874.955,78.000,352755098.000,177603078.000,NaN,1.670,1.528,NaN,11.000,15.000,0.045,192.341,197.752,39.000,41219.338,20191.346,48.000,41420.000,20730.000,2.000,8558.000,8796.000,0.045,192.362,197.747,2.000,8558.000,8796.000,11897635.105,529254400.000,1.002,0.000,0.000,0.000,0.000,1150.976,51200.000
51200,10240,-1,"snappy",5,16384,0,14,10337.000,10337.000,0.000,0.000,33554432.000,0.000,0.000,33554432.000,0.272,11778519955.000,1.002,0.000,0.000,3.000,0.069,3.000,0.000,0.000,0.000,0.000,54014.274,2353726.000,0.019,20628.706,0.239,259736.353,10475946324.000,832017600.000,13.528,898.752,39164.000,12172643.688,530447294.000,0.000,0.000,NaN,NaN,0.000,0.000,512.389,910.000,0.000,0.000,1177.932,51200.000,10327.000,10327.000,2.615,6.397,28.000,449.365,27088.515,41420.000,19582.000,0.000,449.376,19582.000,921.539,40333.000,0.000,0.000,0.000,0.000,0.000,0.000,18.221,33374.799,20754.147,794.000,1450936.000,901996.000,1.790,8120427.211,4080867.714,78.000,353035573.000,177411643.000,NaN,7.792,5.306,NaN,28.000,25.000,0.046,197.511,252.864,39.000,41112.795,16138.601,48.000,41420.000,20730.000,2.000,8587.000,10993.000,0.046,197.520,252.939,2.000,8587.000,10993.000,12176565.052,529254400.000,1.002,0.000,0.000,0.000,0.000,1177.959,51200.000
51200,10240,-1,"snappy",5,16384,20,15,10337.000,10337.000,0.000,0.000,33554432.000,0.000,0.000,33554432.000,0.272,11811455383.000,1.002,0.000,0.000,3.000,0.069,3.000,0.000,0.000,0.000,0.000,54128.588,2358978.000,0.019,19702.819,0.241,252917.222,10555753162.000,822316842.000,13.531,907.919,39568.000,12171432.564,530455374.000,0.000,0.000,NaN,NaN,0.000,0.000,513.307,904.000,0.000,0.000,1177.932,51200.000,10327.000,10327.000,2.588,6.252,20.000,453.959,26812.342,41420.000,19784.000,0.000,453.959,19784.000,952.942,41736.000,0.000,0.000,0.000,0.000,0.000,0.000,18.219,33610.407,20641.158,794.000,1461078.000,897106.000,1.790,8182080.239,4020710.099,78.000,355675028.000,174780268.000,NaN,7.757,5.089,NaN,20.000,19.000,0.046,198.385,256.677,39.000,41242.466,15664.122,48.000,41420.000,20730.000,2.000,8624.000,11158.000,0.046,198.385,256.730,2.000,8624.000,11158.000,12176565.052,529254400.000,1.002,0.000,0.000,0.000,0.000,1177.959,51200.000
51200,10240,-1,"snappy",5,16384,1000,15,10337.000,10337.000,0.000,0.000,33554432.000,0.000,0.000,33554432.000,0.269,11679551370.000,1.002,0.000,0.000,3.000,0.069,3.000,0.000,0.000,0.000,0.000,54131.571,2359108.000,0.019,20074.450,0.242,257745.313,10590239405.000,824819007.000,13.533,908.148,39578.000,12171716.436,530455574.000,0.000,0.000,NaN,NaN,0.000,0.000,508.546,1109.000,0.000,0.000,1177.797,51200.000,10327.000,10327.000,2.588,6.336,21.000,454.074,26805.578,41420.000,19789.000,0.000,454.074,19789.000,938.725,41088.000,0.000,0.000,0.000,0.000,0.000,0.000,18.219,33476.447,20772.374,794.000,1455422.000,902892.000,1.790,8120785.506,4080609.727,78.000,353083633.000,177371863.000,NaN,7.648,5.295,NaN,21.000,19.000,0.046,201.339,253.825,39.000,40333.977,16076.485,48.000,41420.000,20730.000,2.000,8754.000,11033.000,0.046,201.352,253.831,2.000,8754.000,11033.000,12175164.481,529254400.000,1.002,0.000,0.000,0.000,0.000,1177.824,51200.000
51200,10240,-1,"snappy",10,16384,0,14,10337.000,10337.000,0.000,0.000,33554432.000,0.000,0.000,33554432.000,0.270,11713027587.000,1.002,0.000,0.000,3.000,0.069,3.000,0.000,0.000,0.000,0.000,54112.984,2356404.000,0.018,15821.037,0.242,217546.480,10565579895.000,768380294.000,13.499,904.081,39370.000,12181124.165,530451414.000,0.000,0.000,NaN,NaN,0.000,0.000,503.027,957.000,0.000,0.000,1178.719,51200.000,10327.000,10327.000,2.601,12.657,37.000,452.040,26946.986,41420.000,19685.000,0.000,452.051,19685.000,1110.407,48567.000,0.000,0.000,0.000,0.000,0.000,0.000,18.234,33427.572,20800.221,794.000,1452194.000,903416.000,1.791,8126690.100,4084439.333,78.000,353047798.000,177403538.000,NaN,15.156,10.704,NaN,37.000,23.000,0.046,198.743,254.386,39.000,40890.410,16056.072,48.000,41420.000,20730.000,2.000,8634.000,11049.000,0.046,198.748,254.398,2.000,8634.000,11049.000,12184414.209,529254400.000,1.002,0.000,0.000,0.000,0.000,1178.719,51200.000
51200,10240,-1,"snappy",10,16384,20,15,10337.000,10337.000,0.000,0.000,33554432.000,0.000,0.000,33554432.000,0.269,11650427643.000,1.002,0.000,0.000,3.000,0.069,3.000,0.000,0.000,0.000,0.000,54103.462,2355286.000,0.018,15941.156,0.240,215993.498,10513915514.000,775967669.000,13.486,902.396,39284.000,12185002.044,530449694.000,0.000,0.000,NaN,NaN,0.000,0.000,501.462,1004.000,0.000,0.000,1179.044,51200.000,10327.000,10327.000,2.607,12.855,29.000,451.198,27005.890,41420.000,19642.000,0.000,451.198,19642.000,1113.432,48677.000,0.000,0.000,0.000,0.000,0.000,0.000,18.239,33478.333,20739.458,794.000,1453964.000,900528.000,1.792,8131080.774,4082911.833,78.000,353132838.000,177316778.000,NaN,15.081,11.088,NaN,29.000,23.000,0.046,200.115,252.113,39.000,40632.014,16194.792,48.000,41420.000,20730.000,2.000,8691.000,10949.000,0.046,200.115,252.159,2.000,8691.000,10949.000,12188061.901,529254400.000,1.002,0.000,0.000,0.000,0.000,1179.071,51200.000
51200,10240,-1,"snappy",10,16384,1000,14,10337.000,10337.000,0.000,0.000,33554432.000,0.000,0.000,33554432.000,0.270,11693508736.000,1.002,0.000,0.000,3.000,0.069,3.000,0.000,0.000,0.000,0.000,54189.176,2358042.000,0.018,15672.714,0.242,215091.792,10568320113.000,770063148.000,13.468,907.641,39496.000,12190139.814,530453934.000,0.000,0.000,NaN,NaN,0.000,0.000,501.735,931.000,0.000,0.000,1179.560,51200.000,10327.000,10327.000,2.593,12.721,30.000,453.821,26861.147,41420.000,19748.000,0.000,453.821,19748.000,1124.219,49134.000,0.000,0.000,0.000,0.000,0.000,0.000,18.247,33568.138,20737.051,794.000,1457260.000,899988.000,1.792,8162210.595,4057313.956,78.000,354362373.000,176091483.000,NaN,15.122,10.849,NaN,30.000,25.000,0.046,199.304,255.593,39.000,40952.545,15874.108,48.000,41420.000,20730.000,2.000,8653.000,11093.000,0.046,199.323,255.599,2.000,8653.000,11093.000,12193397.074,529254400.000,1.002,0.000,0.000,0.000,0.000,1179.588,51200.000
51200,10240,-1,"none",1,16384,0,16,10312.000,10312.000,0.000,0.000,33554432.000,0.000,0.000,33554432.000,0.298,13341338832.000,1.000,0.000,0.000,3.000,0.067,3.000,0.000,0.000,0.000,0.000,51325.444,2302870.000,0.017,22162.561,0.270,353133.127,12164729964.000,763455912.000,14.820,785.665,35252.000,11791861.954,529089054.000,0.000,0.000,NaN,NaN,0.000,0.000,568.426,1086.000,0.000,0.000,1143.368,51200.000,10327.000,10327.000,2.905,1.605,20.000,392.832,30017.534,41320.000,17626.000,0.000,392.832,17626.000,764.509,34448.000,0.000,0.000,0.000,0.000,0.000,0.000,17.696,32392.666,19014.981,794.000,1450414.000,851662.000,1.738,7855353.949,3957391.619,78.000,351833448.000,177255528.000,NaN,1.694,1.519,NaN,18.000,20.000,0.045,192.324,201.156,39.000,40844.375,19673.200,48.000,41320.000,20680.000,2.000,8614.000,9010.000,0.045,192.384,201.165,2.000,8614.000,9010.000,11790669.734,527974400.000,1.000,0.000,0.000,0.000,0.000,1143.393,51200.000
51200,10240,-1,"none",1,16384,20,16,10312.000,10312.000,0.000,0.000,33554432.000,0.000,0.000,33554432.000,0.301,13493134376.000,1.000,0.000,0.000,3.000,0.066,3.000,0.000,0.000,0.000,0.000,51202.605,2304066.000,0.017,22024.598,0.273,356534.997,12332189009.000,761808815.000,14.947,785.405,35344.000,11757314.149,529090894.000,0.000,0.000,NaN,NaN,0.000,0.000,573.564,1233.000,0.000,0.000,1140.083,51200.000,10327.000,10327.000,2.898,1.604,210.000,392.702,29939.503,41320.000,17672.000,0.000,392.711,17672.000,765.396,34589.000,0.000,0.000,0.000,0.000,0.000,0.000,17.645,32329.400,18953.346,794.000,1452172.000,851100.000,1.733,7844159.573,3935667.921,78.000,352359648.000,176731168.000,NaN,1.712,1.501,NaN,210.000,12.000,0.044,191.696,201.737,39.000,40919.713,19508.905,48.000,41320.000,20680.000,2.000,8611.000,9059.000,0.044,191.709,201.737,2.000,8611.000,9059.000,11756800.570,527974400.000,1.000,0.000,0.000,0.000,0.000,1140.109,51200.000
51200,10240,-1,"none",1,16384,1000,16,10312.000,10312.000,0.000,0.000,33554432.000,0.000,0.000,33554432.000,0.298,13309003475.000,1.000,0.000,0.000,3.000,0.067,3.000,0.000,0.000,0.000,0.000,51405.633,2305080.000,0.018,23296.067,0.269,349411.444,12129468863.000,808699666.000,14.793,789.929,35422.000,11799037.822,529092454.000,0.000,0.000,NaN,NaN,0.000,0.000,566.461,1077.000,0.000,0.000,1144.057,51200.000,10327.000,10327.000,2.892,1.593,16.000,394.965,29873.663,41320.000,17711.000,0.000,394.973,17711.000,770.840,34714.000,0.000,0.000,0.000,0.000,0.000,0.000,17.707,32467.541,19021.783,794.000,1452890.000,851396.000,1.739,7869365.208,3951461.686,78.000,352217048.000,176875328.000,NaN,1.685,1.504,NaN,16.000,16.000,0.045,193.436,202.203,39.000,40681.110,19542.076,48.000,41320.000,20680.000,2.000,8658.000,9051.000,0.045,193.479,202.216,2.000,8658.000,9051.000,11797783.339,527974400.000,1.000,0.000,0.000,0.000,0.000,1144.083,51200.000
51200,10240,-1,"none",5,16384,0,14,10312.000,10312.000,0.000,0.000,33554432.000,0.000,0.000,33554432.000,0.281,12224573467.000,1.000,0.000,0.000,3.000,0.068,3.000,0.000,0.000,0.000,0.000,54141.593,2366908.000,0.019,19838.352,0.246,256619.088,10809309222.000,835631077.000,13.668,919.026,40178.000,12104569.605,529187574.000,0.000,0.000,NaN,NaN,0.000,0.000,518.452,961.000,0.000,0.000,1173.504,51200.000,10327.000,10327.000,2.549,6.202,23.000,459.513,26342.156,41320.000,20089.000,0.000,459.524,20089.000,959.455,42122.000,0.000,0.000,0.000,0.000,0.000,0.000,18.163,33269.652,20960.574,794.000,1451688.000,914426.000,1.784,8072321.027,4055271.411,78.000,352235728.000,176951768.000,NaN,7.870,4.951,NaN,23.000,17.000,0.046,197.291,263.046,39.000,40914.825,15416.603,48.000,41320.000,20680.000,2.000,8609.000,11478.000,0.046,197.300,263.100,2.000,8609.000,11478.000,12101455.454,527974400.000,1.000,0.000,0.000,0.000,0.000,1173.531,51200.000
51200,10240,-1,"none",5,16384,20,15,10312.000,10312.000,0.000,0.000,33554432.000,0.000,0.000,33554432.000,0.285,12514219775.000,1.000,0.000,0.000,3.000,0.068,3.000,0.000,0.000,0.000,0.000,53905.491,2372758.000,0.019,19215.044,0.252,255080.264,11126856190.000,838179435.000,13.971,922.986,40628.000,12022276.660,529196574.000,0.000,0.000,NaN,NaN,0.000,0.000,529.575,1156.000,0.000,0.000,1165.411,51200.000,10327.000,10327.000,2.521,6.164,216.000,461.493,26050.831,41320.000,20314.000,0.000,461.493,20314.000,986.767,43621.000,0.000,0.000,0.000,0.000,0.000,0.000,18.038,33195.376,20791.431,794.000,1458638.000,913326.000,1.772,8047936.098,3996314.234,78.000,353642408.000,175554088.000,NaN,7.978,4.809,NaN,216.000,15.000,0.045,197.715,264.609,39.000,40704.697,15102.726,48.000,41320.000,20680.000,2.000,8688.000,11624.000,0.045,197.724,264.615,2.000,8688.000,11624.000,12017991.441,527974400.000,1.000,0.000,0.000,0.000,0.000,1165.437,51200.000
51200,10240,-1,"none",5,16384,1000,15,10312.000,10312.000,0.000,0.000,33554432.000,0.000,0.000,33554432.000,0.281,12250694015.000,1.000,0.000,0.000,3.000,0.068,3.000,0.000,0.000,0.000,0.000,54175.452,2365842.000,0.018,18901.537,0.247,252306.086,10822417258.000,810762538.000,13.622,918.117,40096.000,12117281.874,529185934.000,0.000,0.000,NaN,NaN,0.000,0.000,518.059,890.000,0.000,0.000,1174.689,51200.000,10327.000,10327.000,2.554,6.192,31.000,459.058,26395.946,41320.000,20048.000,0.000,459.079,20048.000,977.931,42894.000,0.000,0.000,0.000,0.000,0.000,0.000,18.182,33265.983,20992.245,794.000,1450164.000,914884.000,1.786,8076848.446,4062020.233,78.000,352110208.000,177075648.000,NaN,7.891,4.925,NaN,31.000,15.000,0.046,196.513,263.322,39.000,41100.760,15426.052,48.000,41320.000,20680.000,2.000,8567.000,11479.000,0.046,196.522,263.389,2.000,8567.000,11479.000,12113672.135,527974400.000,1.000,0.000,0.000,0.000,0.000,1174.716,51200.000
51200,10240,-1,"none",10,16384,0,15,10312.000,10312.000,0.000,0.000,33554432.000,0.000,0.000,33554432.000,0.281,12212248337.000,1.000,0.000,0.000,3.000,0.068,3.000,0.000,0.000,0.000,0.000,54368.678,2374552.000,0.018,15523.960,0.247,213383.176,10844346379.000,788943182.000,13.627,933.373,40766.000,12116478.936,529199334.000,0.000,0.000,NaN,NaN,0.000,0.000,510.634,929.000,0.000,0.000,1174.662,51200.000,10327.000,10327.000,2.512,12.185,32.000,466.687,25962.779,41320.000,20383.000,0.000,466.697,20383.000,1158.604,50821.000,0.000,0.000,0.000,0.000,0.000,0.000,18.180,33378.157,21074.576,794.000,1455054.000,918704.000,1.786,8100145.151,4038473.473,78.000,353133928.000,176065328.000,NaN,15.392,9.836,NaN,32.000,30.000,0.046,197.674,269.812,39.000,40976.320,14967.723,48.000,41320.000,20680.000,2.000,8618.000,11763.000,0.046,197.692,269.837,2.000,8618.000,11763.000,12113394.209,527974400.000,1.000,0.000,0.000,0.000,0.000,1174.689,51200.000
51200,10240,-1,"none",10,16384,20,14,10312.000,10312.000,0.000,0.000,33554432.000,0.000,0.000,33554432.000,0.281,12207950491.000,1.000,0.000,0.000,3.000,0.068,3.000,0.000,0.000,0.000,0.000,54312.719,2372108.000,0.018,15494.955,0.246,210859.220,10799998391.000,793636093.000,13.626,929.069,40578.000,12116392.847,529195574.000,0.000,0.000,NaN,NaN,0.000,0.000,510.565,932.000,0.000,0.000,1174.581,51200.000,10327.000,10327.000,2.524,12.374,28.000,464.534,26082.881,41320.000,20289.000,0.000,464.545,20289.000,1167.598,51219.000,0.000,0.000,0.000,0.000,0.000,0.000,18.180,33370.874,21026.109,794.000,1454870.000,916444.000,1.786,8097883.573,4040277.267,78.000,353051528.000,176143968.000,NaN,15.388,10.147,NaN,28.000,21.000,0.046,197.757,267.564,39.000,40947.753,15100.212,48.000,41320.000,20680.000,2.000,8622.000,11665.000,0.046,197.766,267.632,2.000,8622.000,11665.000,12112560.508,527974400.000,1.000,0.000,0.000,0.000,0.000,1174.608,51200.000
51200,10240,-1,"none",10,16384,1000,15,10312.000,10312.000,0.000,0.000,33554432.000,0.000,0.000,33554432.000,0.280,12179564662.000,1.000,0.000,0.000,3.000,0.068,3.000,0.000,0.000,0.000,0.000,54363.157,2372680.000,0.018,15136.622,0.247,210464.490,10821031761.000,778249423.000,13.598,930.715,40622.000,12124741.190,529196454.000,0.000,0.000,NaN,NaN,0.000,0.000,509.022,894.000,0.000,0.000,1175.363,51200.000,10327.000,10327.000,2.521,12.233,24.000,465.358,26054.673,41320.000,20311.000,0.000,465.368,20311.000,1172.841,51415.000,0.000,0.000,0.000,0.000,0.000,0.000,18.192,33371.204,21074.846,794.000,1453950.000,917936.000,1.787,8096694.239,4049287.521,78.000,352772968.000,176423408.000,NaN,15.347,9.935,NaN,22.000,24.000,0.046,197.934,268.195,39.000,40905.956,15098.281,48.000,41320.000,20680.000,2.000,8624.000,11685.000,0.046,197.939,268.275,2.000,8624.000,11685.000,12120624.426,527974400.000,1.000,0.000,0.000,0.000,0.000,1175.390,51200.000
51200,10240,0,"snappy",1,16384,0,7,10337.000,10337.000,0.000,0.000,33554432.000,0.000,0.000,33554432.000,0.117,4165021596.000,1.002,0.000,0.000,3.000,0.084,3.000,0.000,0.000,0.000,0.000,41.940,1498.000,0.014,11889.495,0.096,84070.358,3437973200.000,486208997.000,5.670,774.686,27671.000,14859617.962,530770694.000,0.000,0.000,NaN,NaN,0.000,0.000,208.335,693.000,0.000,0.000,1437.798,51200.000,10327.000,10327.000,1.851,NaN,NaN,774.574,19184.252,41420.000,27667.000,0.000,0.112,4.000,1138.887,40894.000,0.000,0.000,0.000,0.000,0.000,0.000,22.230,9.886,9.883,794.000,352.000,352.000,2.184,9930470.659,4971839.323,78.000,353683643.000,177086973.000,NaN,NaN,NaN,NaN,NaN,NaN,0.056,536.248,240.496,39.000,18518.438,20673.240,48.000,41420.000,20730.000,2.000,19099.000,8566.000,0.056,0.028,0.028,2.000,1.000,1.000,14862939.145,529254400.000,1.002,0.000,0.000,0.000,0.000,1437.839,51200.000
51200,10240,0,"snappy",1,16384,20,6,10337.000,10337.000,0.000,0.000,33554432.000,0.000,0.000,33554432.000,0.117,4154384032.000,1.002,0.000,0.000,3.000,0.083,3.000,0.000,0.000,0.000,0.000,41.913,1498.000,0.014,12525.871,0.095,84446.307,3402257258.000,504654802.000,5.692,766.758,27407.000,14848514.030,530760134.000,0.000,0.000,NaN,NaN,0.000,0.000,208.582,708.000,0.000,0.000,1437.032,51200.000,10327.000,10327.000,1.869,NaN,NaN,766.646,19368.687,41420.000,27403.000,0.000,0.112,4.000,1120.633,40289.000,0.000,0.000,0.000,0.000,0.000,0.000,22.216,9.878,9.882,794.000,352.000,352.000,2.182,9882968.571,5012648.439,78.000,352189468.000,178570588.000,NaN,NaN,NaN,NaN,NaN,NaN,0.056,525.521,243.459,39.000,18805.503,20589.253,48.000,41420.000,20730.000,2.000,18728.000,8673.000,0.056,0.028,0.028,2.000,1.000,1.000,14855012.911,529254400.000,1.002,0.000,0.000,0.000,0.000,1437.072,51200.000
51200,10240,0,"snappy",1,16384,1000,7,10337.000,10337.000,0.000,0.000,33554432.000,0.000,0.000,33554432.000,0.117,4173565698.000,1.002,0.000,0.000,3.000,0.083,3.000,0.000,0.000,0.000,0.000,41.893,1498.000,0.014,11569.426,0.097,82738.371,3500825937.000,489525573.000,5.707,779.201,27865.000,14842382.875,530778454.000,0.000,0.000,NaN,NaN,0.000,0.000,209.386,704.000,0.000,0.000,1436.427,51200.000,10327.000,10327.000,1.838,NaN,NaN,779.089,19050.948,41420.000,27861.000,0.000,0.112,4.000,1176.543,42312.000,0.000,0.000,0.000,0.000,0.000,0.000,22.205,9.874,9.879,794.000,352.000,352.000,2.181,9897607.944,4993782.567,78.000,352829928.000,177948448.000,NaN,NaN,NaN,NaN,NaN,NaN,0.056,539.217,242.381,39.000,18355.526,20603.039,48.000,41420.000,20730.000,2.000,19222.000,8637.000,0.056,0.028,0.028,2.000,1.000,1.000,14849177.936,529254400.000,1.002,0.000,0.000,0.000,0.000,1436.467,51200.000
51200,10240,0,"snappy",5,16384,0,7,10337.000,10337.000,0.000,0.000,33554432.000,0.000,0.000,33554432.000,0.114,4024182265.000,1.002,0.000,0.000,3.000,0.084,3.000,0.000,0.000,0.000,0.000,41.164,1466.000,0.014,13191.354,0.091,84532.594,3264141583.000,509370936.000,5.563,761.877,27135.000,14901989.387,530749254.000,0.000,0.000,NaN,NaN,0.000,0.000,203.987,675.000,0.000,0.000,1442.335,51200.000,10327.000,10327.000,1.887,NaN,NaN,761.764,19562.466,41420.000,27131.000,0.000,0.112,4.000,1078.061,38614.000,0.000,0.000,0.000,0.000,0.000,0.000,21.397,9.915,9.917,762.000,352.000,352.000,2.190,9948035.266,5001803.504,78.000,353175148.000,177574028.000,NaN,NaN,NaN,NaN,NaN,NaN,0.056,522.266,241.874,39.000,19047.306,20679.402,48.000,41420.000,20730.000,2.000,18542.000,8587.000,0.056,0.028,0.028,2.000,1.000,1.000,14909834.634,529254400.000,1.002,0.000,0.000,0.000,0.000,1442.375,51200.000
51200,10240,0,"snappy",5,16384,20,6,10337.000,10337.000,0.000,0.000,33554432.000,0.000,0.000,33554432.000,0.117,4148533396.000,1.002,0.000,0.000,3.000,0.083,3.000,0.000,0.000,0.000,0.000,41.041,1466.000,0.013,11552.296,0.097,84816.651,3499195755.000,476601514.000,5.668,775.112,27687.000,14859219.877,530771334.000,0.000,0.000,NaN,NaN,0.000,0.000,207.846,693.000,0.000,0.000,1438.041,51200.000,10327.000,10327.000,1.850,NaN,NaN,775.000,19173.187,41420.000,27683.000,0.000,0.112,4.000,1147.913,41256.000,0.000,0.000,0.000,0.000,0.000,0.000,21.333,9.884,9.890,762.000,352.000,352.000,2.184,9898682.972,5008270.109,78.000,352511898.000,178259358.000,NaN,NaN,NaN,NaN,NaN,NaN,0.056,534.370,243.053,39.000,18524.009,20605.636,48.000,41420.000,20730.000,2.000,19030.000,8651.000,0.056,0.028,0.028,2.000,1.000,1.000,14865443.923,529254400.000,1.002,0.000,0.000,0.000,0.000,1438.081,51200.000
51200,10240,0,"snappy",5,16384,1000,7,10337.000,10337.000,0.000,0.000,33554432.000,0.000,0.000,33554432.000,0.116,4130878602.000,1.002,0.000,0.000,3.000,0.084,3.000,0.000,0.000,0.000,0.000,41.079,1466.000,0.013,11855.618,0.097,85254.778,3466970811.000,482120547.000,5.640,767.681,27397.000,14872218.505,530759734.000,0.000,0.000,NaN,NaN,0.000,0.000,207.292,697.000,0.000,0.000,1439.132,51200.000,10327.000,10327.000,1.869,NaN,NaN,767.569,19375.743,41420.000,27393.000,0.000,0.112,4.000,1133.105,40666.000,0.000,0.000,0.000,0.000,0.000,0.000,21.352,9.893,9.898,762.000,352.000,352.000,2.186,9939637.953,4979121.626,78.000,353662258.000,177097398.000,NaN,NaN,NaN,NaN,NaN,NaN,0.056,529.018,240.891,39.000,18788.836,20669.631,48.000,41420.000,20730.000,2.000,18823.000,8568.000,0.056,0.028,0.028,2.000,1.000,1.000,14876725.883,529254400.000,1.002,0.000,0.000,0.000,0.000,1439.172,51200.000
51200,10240,0,"snappy",10,16384,0,7,10337.000,10337.000,0.000,0.000,33554432.000,0.000,0.000,33554432.000,0.115,4071399275.000,1.002,0.000,0.000,3.000,0.084,3.000,0.000,0.000,0.000,0.000,41.149,1466.000,0.014,12405.153,0.095,84483.570,3388129097.000,497496255.000,5.575,774.460,27594.000,14896649.284,530767614.000,0.000,0.000,NaN,NaN,0.000,0.000,204.276,706.000,0.000,0.000,1441.847,51200.000,10327.000,10327.000,1.856,NaN,NaN,774.347,19237.681,41420.000,27590.000,0.000,0.112,4.000,1118.911,40104.000,0.000,0.000,0.000,0.000,0.000,0.000,21.388,9.910,9.916,762.000,352.000,352.000,2.189,10017553.932,4928569.461,78.000,355793463.000,174974073.000,NaN,NaN,NaN,NaN,NaN,NaN,0.056,537.333,239.508,39.000,18642.571,20577.922,48.000,41420.000,20730.000,2.000,19085.000,8503.000,0.056,0.028,0.028,2.000,1.000,1.000,14904795.967,529254400.000,1.002,0.000,0.000,0.000,0.000,1441.888,51200.000
51200,10240,0,"snappy",10,16384,20,6,10337.000,10337.000,0.000,0.000,33554432.000,0.000,0.000,33554432.000,0.115,4086469951.000,1.002,0.000,0.000,3.000,0.084,3.000,0.000,0.000,0.000,0.000,41.105,1466.000,0.014,11867.693,0.094,82417.334,3386693073.000,487667231.000,5.602,771.245,27508.000,14881099.448,530764174.000,0.000,0.000,NaN,NaN,0.000,0.000,205.083,711.000,0.000,0.000,1440.630,51200.000,10327.000,10327.000,1.862,NaN,NaN,771.133,19297.708,41420.000,27504.000,0.000,0.112,4.000,1144.624,41092.000,0.000,0.000,0.000,0.000,0.000,0.000,21.366,9.902,9.907,762.000,352.000,352.000,2.187,9996789.968,4936765.163,78.000,355355893.000,175408203.000,NaN,NaN,NaN,NaN,NaN,NaN,0.056,534.714,239.059,39.000,18695.070,20650.836,48.000,41420.000,20730.000,2.000,19008.000,8494.000,0.056,0.028,0.028,2.000,1.000,1.000,14892214.187,529254400.000,1.002,0.000,0.000,0.000,0.000,1440.671,51200.000
51200,10240,0,"snappy",10,16384,1000,7,10337.000,10337.000,0.000,0.000,33554432.000,0.000,0.000,33554432.000,0.115,4058581848.000,1.002,0.000,0.000,3.000,0.084,3.000,0.000,0.000,0.000,0.000,41.119,1466.000,0.014,12231.909,0.094,82206.330,3366842460.000,500970062.000,5.600,773.054,27564.000,14885753.141,530766414.000,0.000,0.000,NaN,NaN,0.000,0.000,205.072,710.000,0.000,0.000,1440.752,51200.000,10327.000,10327.000,1.858,NaN,NaN,772.941,19258.578,41420.000,27560.000,0.000,0.112,4.000,1141.885,40956.000,0.000,0.000,0.000,0.000,0.000,0.000,21.373,9.904,9.909,762.000,352.000,352.000,2.188,9969968.713,4965344.029,78.000,354352628.000,176413708.000,NaN,NaN,NaN,NaN,NaN,NaN,0.056,534.945,240.508,39.000,18637.386,20645.255,48.000,41420.000,20730.000,2.000,19013.000,8545.000,0.056,0.028,0.028,2.000,1.000,1.000,14893471.409,529254400.000,1.002,0.000,0.000,0.000,0.000,1440.792,51200.000
51200,10240,0,"none",1,16384,0,7,10312.000,10312.000,0.000,0.000,33554432.000,0.000,0.000,33554432.000,0.126,4473689337.000,1.000,0.000,0.000,3.000,0.084,3.000,0.000,0.000,0.000,0.000,41.029,1466.000,0.014,12086.455,0.099,87285.978,3547563992.000,491229809.000,5.683,765.672,27359.000,14818040.244,529478214.000,0.000,0.000,NaN,NaN,0.000,0.000,209.947,688.000,0.000,0.000,1436.185,51200.000,10327.000,10327.000,1.872,NaN,NaN,765.560,19355.811,41320.000,27355.000,0.000,0.112,4.000,1130.888,40643.000,0.000,0.000,0.000,0.000,0.000,0.000,21.326,9.873,9.878,762.000,352.000,352.000,2.183,9885781.181,4966625.737,78.000,352477528.000,177000608.000,NaN,NaN,NaN,NaN,NaN,NaN,0.056,526.770,240.502,39.000,18766.773,20651.103,48.000,41320.000,20680.000,2.000,18782.000,8571.000,0.056,0.028,0.028,2.000,1.000,1.000,14810356.532,527974400.000,1.000,0.000,0.000,0.000,0.000,1436.225,51200.000
51200,10240,0,"none",1,16384,20,7,10312.000,10312.000,0.000,0.000,33554432.000,0.000,0.000,33554432.000,0.127,4527395321.000,1.000,0.000,0.000,3.000,0.083,3.000,0.000,0.000,0.000,0.000,40.967,1466.000,0.013,11280.074,0.099,82703.954,3561645799.000,485776405.000,5.734,768.827,27514.000,14795026.657,529484414.000,0.000,0.000,NaN,NaN,0.000,0.000,211.582,713.000,0.000,0.000,1434.294,51200.000,10327.000,10327.000,1.861,NaN,NaN,768.715,19246.980,41320.000,27510.000,0.000,0.112,4.000,1196.483,43065.000,0.000,0.000,0.000,0.000,0.000,0.000,21.294,9.860,9.864,762.000,352.000,352.000,2.180,9856109.577,4976920.671,78.000,351872968.000,177611368.000,NaN,NaN,NaN,NaN,NaN,NaN,0.056,529.102,241.488,39.000,18627.473,20609.349,48.000,41320.000,20680.000,2.000,18890.000,8618.000,0.056,0.028,0.028,2.000,1.000,1.000,14790856.118,527974400.000,1.000,0.000,0.000,0.000,0.000,1434.334,51200.000
51200,10240,0,"none",1,16384,1000,6,10312.000,10312.000,0.000,0.000,33554432.000,0.000,0.000,33554432.000,0.127,4540013124.000,1.000,0.000,0.000,3.000,0.083,3.000,0.000,0.000,0.000,0.000,40.933,1466.000,0.013,11192.826,0.101,85632.135,3650069744.000,477094194.000,5.766,770.981,27615.000,14782747.613,529488454.000,0.000,0.000,NaN,NaN,0.000,0.000,213.263,771.000,0.000,0.000,1433.050,51200.000,10327.000,10327.000,1.855,NaN,NaN,770.869,19176.721,41320.000,27611.000,0.000,0.112,4.000,1183.272,42625.000,0.000,0.000,0.000,0.000,0.000,0.000,21.276,9.851,9.853,762.000,352.000,352.000,2.178,9844996.166,4973052.950,78.000,351791248.000,177697128.000,NaN,NaN,NaN,NaN,NaN,NaN,0.056,529.231,243.423,39.000,18602.467,20429.654,48.000,41320.000,20680.000,2.000,18911.000,8698.000,0.056,0.028,0.028,2.000,1.000,1.000,14778022.224,527974400.000,1.000,0.000,0.000,0.000,0.000,1433.090,51200.000
51200,10240,0,"none",5,16384,0,7,10312.000,10312.000,0.000,0.000,33554432.000,0.000,0.000,33554432.000,0.127,4507051611.000,1.000,0.000,0.000,3.000,0.083,3.000,0.000,0.000,0.000,0.000,40.994,1466.000,0.013,11392.403,0.101,88112.455,3630409359.000,469389805.000,5.711,767.441,27446.000,14805293.012,529481694.000,0.000,0.000,NaN,NaN,0.000,0.000,210.780,696.000,0.000,0.000,1435.259,51200.000,10327.000,10327.000,1.866,NaN,NaN,767.329,19294.574,41320.000,27442.000,0.000,0.112,4.000,1145.582,41202.000,0.000,0.000,0.000,0.000,0.000,0.000,21.309,9.866,9.869,762.000,352.000,352.000,2.181,9884126.016,4956715.103,78.000,352645848.000,176835768.000,NaN,NaN,NaN,NaN,NaN,NaN,0.056,528.673,240.442,39.000,18696.101,20615.035,48.000,41320.000,20680.000,2.000,18862.000,8578.000,0.056,0.028,0.028,2.000,1.000,1.000,14800807.356,527974400.000,1.000,0.000,0.000,0.000,0.000,1435.299,51200.000
51200,10240,0,"none",5,16384,20,7,10312.000,10312.000,0.000,0.000,33554432.000,0.000,0.000,33554432.000,0.126,4501992194.000,1.000,0.000,0.000,3.000,0.083,3.000,0.000,0.000,0.000,0.000,40.994,1466.000,0.014,11768.276,0.099,84724.799,3558441548.000,494267582.000,5.712,765.443,27373.000,14805625.357,529478774.000,0.000,0.000,NaN,NaN,0.000,0.000,210.755,709.000,0.000,0.000,1435.219,51200.000,10327.000,10327.000,1.871,NaN,NaN,765.310,19345.931,41320.000,27369.000,0.000,0.112,4.000,1167.477,42000.000,0.000,0.000,0.000,0.000,0.000,0.000,21.308,9.865,9.868,762.000,352.000,352.000,2.181,9905503.587,4934007.679,78.000,353428368.000,176050328.000,NaN,NaN,NaN,NaN,NaN,NaN,0.056,527.368,239.623,39.000,18782.397,20590.682,48.000,41320.000,20680.000,2.000,18817.000,8550.000,0.056,0.028,0.028,2.000,1.000,1.000,14800392.454,527974400.000,1.000,0.000,0.000,0.000,0.000,1435.259,51200.000
51200,10240,0,"none",5,16384,1000,7,10312.000,10312.000,0.000,0.000,33554432.000,0.000,0.000,33554432.000,0.127,4544807082.000,1.000,0.000,0.000,3.000,0.083,3.000,0.000,0.000,0.000,0.000,40.921,1466.000,0.014,11290.778,0.101,84162.069,3630499189.000,487050305.000,5.763,775.979,27801.000,14779241.745,529495894.000,0.000,0.000,NaN,NaN,0.000,0.000,212.865,746.000,0.000,0.000,1433.290,51200.000,10327.000,10327.000,1.842,NaN,NaN,775.867,19048.671,41320.000,27797.000,0.000,0.112,4.000,1196.588,43137.000,0.000,0.000,0.000,0.000,0.000,0.000,21.271,9.851,9.855,762.000,352.000,352.000,2.177,9842281.780,4977080.549,78.000,351664728.000,177831088.000,NaN,NaN,NaN,NaN,NaN,NaN,0.056,534.621,243.297,39.000,18409.838,20456.814,48.000,41320.000,20680.000,2.000,19102.000,8693.000,0.056,0.028,0.028,2.000,1.000,1.000,14780504.465,527974400.000,1.000,0.000,0.000,0.000,0.000,1433.331,51200.000
51200,10240,0,"none",10,16384,0,7,10312.000,10312.000,0.000,0.000,33554432.000,0.000,0.000,33554432.000,0.126,4498104016.000,1.000,0.000,0.000,3.000,0.083,3.000,0.000,0.000,0.000,0.000,40.985,1466.000,0.013,11468.196,0.099,85040.102,3578402439.000,482570207.000,5.715,779.408,27881.000,14802054.512,529499094.000,0.000,0.000,NaN,NaN,0.000,0.000,211.255,731.000,0.000,0.000,1435.138,51200.000,10327.000,10327.000,1.837,NaN,NaN,779.297,18994.120,41320.000,27877.000,0.000,0.112,4.000,1169.348,42079.000,0.000,0.000,0.000,0.000,0.000,0.000,21.303,9.865,9.867,762.000,352.000,352.000,2.180,9907880.167,4931367.619,78.000,353542888.000,175956128.000,NaN,NaN,NaN,NaN,NaN,NaN,0.056,542.499,238.698,39.000,18263.400,20659.402,48.000,41320.000,20680.000,2.000,19358.000,8517.000,0.056,0.028,0.028,2.000,1.000,1.000,14799562.719,527974400.000,1.000,0.000,0.000,0.000,0.000,1435.179,51200.000
51200,10240,0,"none",10,16384,20,6,10312.000,10312.000,0.000,0.000,33554432.000,0.000,0.000,33554432.000,0.126,4505814547.000,1.000,0.000,0.000,3.000,0.083,3.000,0.000,0.000,0.000,0.000,40.970,1466.000,0.013,11135.392,0.101,85174.982,3641060119.000,476015725.000,5.735,768.801,27510.000,14797089.512,529484254.000,0.000,0.000,NaN,NaN,0.000,0.000,211.887,739.000,0.000,0.000,1434.174,51200.000,10327.000,10327.000,1.862,NaN,NaN,768.689,19249.773,41320.000,27506.000,0.000,0.112,4.000,1187.675,42748.000,0.000,0.000,0.000,0.000,0.000,0.000,21.296,9.858,9.864,762.000,352.000,352.000,2.180,9886225.683,4945403.009,78.000,352987688.000,176496488.000,NaN,NaN,NaN,NaN,NaN,NaN,0.056,529.170,241.251,39.000,18682.528,20499.011,48.000,41320.000,20680.000,2.000,18894.000,8610.000,0.056,0.028,0.028,2.000,1.000,1.000,14790856.118,527974400.000,1.000,0.000,0.000,0.000,0.000,1434.334,51200.000
51200,10240,0,"none",10,16384,1000,7,10312.000,10312.000,0.000,0.000,33554432.000,0.000,0.000,33554432.000,0.127,4541669775.000,1.000,0.000,0.000,3.000,0.083,3.000,0.000,0.000,0.000,0.000,40.953,1466.000,0.013,10923.602,0.100,82127.176,3614088528.000,480704011.000,5.749,779.674,27910.000,14791336.220,529500254.000,0.000,0.000,NaN,NaN,0.000,0.000,212.643,736.000,0.000,0.000,1433.732,51200.000,10327.000,10327.000,1.835,NaN,NaN,779.541,18974.423,41320.000,27906.000,0.000,0.112,4.000,1222.151,44006.000,0.000,0.000,0.000,0.000,0.000,0.000,21.287,9.855,9.858,762.000,352.000,352.000,2.179,9862825.690,4961498.586,78.000,352280408.000,177219768.000,NaN,NaN,NaN,NaN,NaN,NaN,0.056,539.545,241.664,39.000,18279.390,20530.557,48.000,41320.000,20680.000,2.000,19272.000,8632.000,0.056,0.028,0.028,2.000,1.000,1.000,14785057.407,527974400.000,1.000,0.000,0.000,0.000,0.000,1433.772,51200.000
51200,10240,1,"snappy",1,16384,0,13,10337.000,10337.000,0.000,0.000,33554432.000,0.000,0.000,33554432.000,0.249,10469858472.000,1.002,0.000,0.000,3.000,0.071,3.000,0.000,0.000,0.000,0.000,62766.292,2648612.000,0.025,13756.548,0.210,115558.290,8903535097.000,1059914492.000,12.148,1465.640,61850.000,12580592.749,530901014.000,0.000,0.000,NaN,NaN,0.000,0.000,465.963,2706.000,0.000,0.000,1216.585,51200.000,10327.000,10327.000,1.656,0.580,15.000,732.820,17167.373,41420.000,30925.000,0.000,732.855,30925.000,1816.827,77048.000,0.000,0.000,0.000,0.000,0.000,0.000,18.058,42892.041,20023.862,762.000,1805326.000,842524.000,1.848,8390900.480,4223274.151,78.000,353189783.000,177711153.000,NaN,0.268,1.384,NaN,13.000,15.000,0.047,529.067,205.637,39.000,15859.442,20537.519,48.000,41420.000,20730.000,2.000,22270.000,8653.000,0.047,529.104,205.652,2.000,22270.000,8653.000,12576142.952,529254400.000,1.002,0.000,0.000,0.000,0.000,1216.614,51200.000
51200,10240,1,"snappy",1,16384,20,10,10337.000,10337.000,0.000,0.000,33554432.000,0.000,0.000,33554432.000,0.184,7126893215.000,1.002,0.000,0.000,3.000,0.077,3.000,0.000,0.000,0.000,0.000,66965.444,2600670.000,0.026,15064.750,0.142,80839.208,5531180301.000,1030760300.000,8.787,1497.541,58160.000,13668079.769,530827214.000,0.000,0.000,NaN,NaN,0.000,0.000,332.653,1276.000,0.000,0.000,1322.075,51200.000,10327.000,10327.000,1.761,0.497,12.000,748.771,18254.031,41420.000,29080.000,0.000,748.790,29080.000,1753.107,68422.000,0.000,0.000,0.000,0.000,0.000,0.000,20.342,45371.821,21759.265,790.000,1757296.000,842584.000,2.008,9108637.087,4596729.139,78.000,352786623.000,178040513.000,NaN,0.286,0.999,NaN,12.000,12.000,0.051,528.440,222.323,39.000,17236.851,20675.939,48.000,41420.000,20730.000,2.000,20467.000,8611.000,0.051,528.440,222.374,2.000,20467.000,8611.000,13666642.566,529254400.000,1.002,0.000,0.000,0.000,0.000,1322.109,51200.000
51200,10240,1,"snappy",1,16384,1000,10,10337.000,10337.000,0.000,0.000,33554432.000,0.000,0.000,33554432.000,0.185,7133967425.000,1.002,0.000,0.000,3.000,0.077,3.000,0.000,0.000,0.000,0.000,67166.559,2608682.000,0.027,15301.874,0.141,78747.584,5485005487.000,1065821405.000,8.790,1513.285,58776.000,13667341.246,530839534.000,0.000,0.000,NaN,NaN,0.000,0.000,332.395,1263.000,0.000,0.000,1322.041,51200.000,10327.000,10327.000,1.742,0.486,13.000,756.643,18063.139,41420.000,29388.000,0.000,756.662,29388.000,1784.693,69653.000,0.000,0.000,0.000,0.000,0.000,0.000,20.443,45519.364,21816.754,794.000,1763056.000,844832.000,2.008,9094704.882,4609570.200,78.000,352301583.000,178537873.000,NaN,0.275,0.993,NaN,12.000,13.000,0.051,535.793,222.839,39.000,16974.299,20685.653,48.000,41420.000,20730.000,2.000,20755.000,8631.000,0.051,535.862,222.885,2.000,20755.000,8631.000,13666289.669,529254400.000,1.002,0.000,0.000,0.000,0.000,1322.075,51200.000
51200,10240,1,"snappy",5,16384,0,7,10337.000,10337.000,0.000,0.000,33554432.000,0.000,0.000,33554432.000,0.124,4447327193.000,1.002,0.000,0.000,3.000,0.083,3.000,0.000,0.000,0.000,0.000,72800.808,2631822.000,0.024,13718.597,0.085,47808.922,3094671497.000,888004764.000,6.103,1675.039,60556.000,14684530.150,530875134.000,0.000,0.000,NaN,NaN,0.000,0.000,222.632,743.000,0.000,0.000,1420.644,51200.000,10327.000,10327.000,1.691,1.323,15.000,837.519,17533.362,41420.000,30278.000,0.000,837.543,30278.000,1780.694,64730.000,0.000,0.000,0.000,0.000,0.000,0.000,21.963,49667.037,23328.986,794.000,1790298.000,840730.000,2.158,9801648.717,4926470.467,78.000,353300428.000,177574628.000,NaN,0.476,3.455,NaN,14.000,15.000,0.055,601.304,238.646,39.000,16300.656,20643.412,48.000,41420.000,20730.000,2.000,21674.000,8602.000,0.055,601.304,238.692,2.000,21674.000,8602.000,14685194.229,529254400.000,1.002,0.000,0.000,0.000,0.000,1420.644,51200.000
51200,10240,1,"snappy",5,16384,20,7,10337.000,10337.000,0.000,0.000,33554432.000,0.000,0.000,33554432.000,0.125,4498916361.000,1.002,0.000,0.000,3.000,0.082,3.000,0.000,0.000,0.000,0.000,72465.156,2622514.000,0.024,13315.169,0.087,47871.227,3158782931.000,878601404.000,6.142,1653.450,59840.000,14668310.188,530860814.000,0.000,0.000,NaN,NaN,0.000,0.000,223.234,766.000,0.000,0.000,1419.423,51200.000,10327.000,10327.000,1.711,1.333,18.000,826.725,17742.674,41420.000,29920.000,0.000,826.748,29920.000,1813.223,65985.000,0.000,0.000,0.000,0.000,0.000,0.000,21.940,49456.244,23227.565,794.000,1784134.000,837586.000,2.155,9816636.628,4900059.699,78.000,354144983.000,176715753.000,NaN,0.463,3.491,NaN,15.000,18.000,0.055,591.030,238.354,39.000,16609.370,20557.905,48.000,41420.000,20730.000,2.000,21322.000,8596.000,0.055,591.046,238.380,2.000,21322.000,8596.000,14672980.316,529254400.000,1.002,0.000,0.000,0.000,0.000,1419.462,51200.000
51200,10240,1,"snappy",5,16384,1000,7,10337.000,10337.000,0.000,0.000,33554432.000,0.000,0.000,33554432.000,0.126,4525390220.000,1.002,0.000,0.000,3.000,0.082,3.000,0.000,0.000,0.000,0.000,72327.348,2618250.000,0.025,13840.508,0.085,47889.998,3101021014.000,896214441.000,6.151,1643.842,59512.000,14663266.967,530854254.000,0.000,0.000,NaN,NaN,0.000,0.000,224.760,746.000,0.000,0.000,1418.793,51200.000,10327.000,10327.000,1.721,1.360,19.000,821.921,17840.242,41420.000,29756.000,0.000,821.989,29756.000,1778.440,64753.000,0.000,0.000,0.000,0.000,0.000,0.000,21.934,49393.046,23134.241,794.000,1782842.000,834614.000,2.155,9820536.445,4888633.952,78.000,354472263.000,176381913.000,NaN,0.488,3.530,NaN,15.000,19.000,0.055,588.115,236.308,39.000,16698.335,20687.534,48.000,41420.000,20730.000,2.000,21228.000,8526.000,0.055,588.115,236.328,2.000,21228.000,8526.000,14666474.533,529254400.000,1.002,0.000,0.000,0.000,0.000,1418.833,51200.000
51200,10240,1,"snappy",10,16384,0,7,10337.000,10337.000,0.000,0.000,33554432.000,0.000,0.000,33554432.000,0.116,4102069275.000,1.002,0.000,0.000,3.000,0.084,3.000,0.000,0.000,0.000,0.000,73323.868,2618322.000,0.023,13094.706,0.076,42850.167,2721756886.000,831749562.000,5.655,1666.667,59520.000,14864874.944,530854414.000,0.000,0.000,NaN,NaN,0.000,0.000,204.652,694.000,0.000,0.000,1438.647,51200.000,10327.000,10327.000,1.721,2.372,23.000,833.333,17837.850,41420.000,29760.000,0.000,833.403,29760.000,1768.269,63518.000,0.000,0.000,0.000,0.000,0.000,0.000,21.339,49888.970,23655.707,762.000,1775748.000,841812.000,2.184,9925781.277,4988790.015,78.000,353288333.000,177566003.000,NaN,0.730,6.380,NaN,14.000,23.000,0.056,593.178,242.885,39.000,16733.213,20539.734,48.000,41420.000,20730.000,2.000,21113.000,8645.000,0.056,593.178,242.939,2.000,21113.000,8645.000,14871709.565,529254400.000,1.002,0.000,0.000,0.000,0.000,1438.687,51200.000
51200,10240,1,"snappy",10,16384,20,7,10337.000,10337.000,0.000,0.000,33554432.000,0.000,0.000,33554432.000,0.112,3962552765.000,1.002,0.000,0.000,3.000,0.084,3.000,0.000,0.000,0.000,0.000,72559.766,2582910.000,0.023,13647.158,0.072,42522.000,2595500366.000,833008886.000,5.547,1595.393,56796.000,14910110.506,530799934.000,0.000,0.000,NaN,NaN,0.000,0.000,200.533,697.000,0.000,0.000,1442.904,51200.000,10327.000,10327.000,1.803,2.460,22.000,797.697,18691.455,41420.000,28398.000,0.000,797.764,28398.000,1704.714,61039.000,0.000,0.000,0.000,0.000,0.000,0.000,21.407,49327.115,23443.223,762.000,1750570.000,831578.000,2.191,10009461.075,4948530.640,78.000,355245783.000,175554073.000,NaN,0.813,6.300,NaN,22.000,18.000,0.056,560.014,240.162,39.000,17873.102,20604.938,48.000,41420.000,20730.000,2.000,19876.000,8520.000,0.056,560.061,240.189,2.000,19876.000,8520.000,14915717.386,529254400.000,1.002,0.000,0.000,0.000,0.000,1442.945,51200.000
51200,10240,1,"snappy",10,16384,1000,6,10337.000,10337.000,0.000,0.000,33554432.000,0.000,0.000,33554432.000,0.112,3974589140.000,1.002,0.000,0.000,3.000,0.084,3.000,0.000,0.000,0.000,0.000,72825.773,2592816.000,0.023,13086.973,0.073,42217.675,2631005509.000,815580133.000,5.553,1616.525,57558.000,14908026.007,530815174.000,0.000,0.000,NaN,NaN,0.000,0.000,201.188,678.000,0.000,0.000,1442.741,51200.000,10327.000,10327.000,1.779,2.370,21.000,808.263,18444.532,41420.000,28779.000,0.000,808.331,28779.000,1740.345,62320.000,0.000,0.000,0.000,0.000,0.000,0.000,21.403,49520.764,23512.484,762.000,1757690.000,834364.000,2.191,9985723.326,4969763.559,78.000,354423278.000,176391818.000,NaN,0.706,6.328,NaN,14.000,21.000,0.056,570.873,239.906,39.000,17492.018,20715.422,48.000,41420.000,20730.000,2.000,20262.000,8515.000,0.056,570.873,239.954,2.000,20262.000,8515.000,14914036.126,529254400.000,1.002,0.000,0.000,0.000,0.000,1442.741,51200.000
51200,10240,1,"none",1,16384,0,14,10312.000,10312.000,0.000,0.000,33554432.000,0.000,0.000,33554432.000,0.264,11202320391.000,1.000,0.000,0.000,3.000,0.070,3.000,0.000,0.000,0.000,0.000,62211.154,2649262.000,0.024,13715.464,0.222,124523.997,9496698143.000,1045996135.000,12.532,1453.461,61900.000,12435944.726,529622014.000,0.000,0.000,NaN,NaN,0.000,0.000,482.530,2662.000,0.000,0.000,1204.763,51200.000,10327.000,10327.000,1.654,0.602,15.000,726.731,17112.181,41320.000,30950.000,0.000,726.782,30950.000,1781.578,76264.000,0.000,0.000,0.000,0.000,0.000,0.000,17.894,42717.926,19603.625,762.000,1815640.000,832860.000,1.832,8329468.696,4132802.862,78.000,354027408.000,175594528.000,NaN,0.279,1.454,NaN,14.000,15.000,0.047,527.986,200.221,39.000,15775.919,20641.181,48.000,41320.000,20680.000,2.000,22441.000,8507.000,0.047,527.999,200.235,2.000,22441.000,8507.000,12423804.033,527974400.000,1.000,0.000,0.000,0.000,0.000,1204.791,51200.000
51200,10240,1,"none",1,16384,20,10,10312.000,10312.000,0.000,0.000,33554432.000,0.000,0.000,33554432.000,0.195,7538849572.000,1.000,0.000,0.000,3.000,0.077,3.000,0.000,0.000,0.000,0.000,66620.103,2591522.000,0.026,14862.146,0.149,86454.057,5818963198.000,1000326444.000,8.850,1477.018,57456.000,13612327.035,529533134.000,0.000,0.000,NaN,NaN,0.000,0.000,335.500,1231.000,0.000,0.000,1319.146,51200.000,10327.000,10327.000,1.782,0.515,13.000,738.490,18432.649,41320.000,28728.000,0.000,738.509,28728.000,1721.715,67307.000,0.000,0.000,0.000,0.000,0.000,0.000,20.412,45075.425,21668.213,794.000,1749828.000,840900.000,2.005,9076154.865,4565632.920,78.000,352345408.000,177187648.000,NaN,0.304,1.009,NaN,13.000,12.000,0.051,518.340,221.675,39.000,17509.586,20596.030,48.000,41320.000,20680.000,2.000,20123.000,8603.000,0.051,518.367,221.681,2.000,20123.000,8603.000,13603380.398,527974400.000,1.000,0.000,0.000,0.000,0.000,1319.180,51200.000
51200,10240,1,"none",1,16384,1000,10,10312.000,10312.000,0.000,0.000,33554432.000,0.000,0.000,33554432.000,0.195,7564000649.000,1.000,0.000,0.000,3.000,0.077,3.000,0.000,0.000,0.000,0.000,66493.000,2588506.000,0.026,15229.375,0.149,87495.908,5839039451.000,1016332344.000,8.880,1469.920,57224.000,13602067.660,529528494.000,0.000,0.000,NaN,NaN,0.000,0.000,336.428,1208.000,0.000,0.000,1318.093,51200.000,10327.000,10327.000,1.790,0.517,13.000,734.960,18507.217,41320.000,28612.000,0.000,734.979,28612.000,1705.992,66735.000,0.000,0.000,0.000,0.000,0.000,0.000,20.396,45038.326,21574.397,794.000,1749784.000,837928.000,2.004,9084000.927,4546542.945,78.000,352940688.000,176587728.000,NaN,0.304,1.015,NaN,12.000,13.000,0.051,515.816,220.623,39.000,17610.932,20607.740,48.000,41320.000,20680.000,2.000,20041.000,8569.000,0.051,515.843,220.629,2.000,20041.000,8569.000,13592523.749,527974400.000,1.000,0.000,0.000,0.000,0.000,1318.127,51200.000
51200,10240,1,"none",5,16384,0,7,10312.000,10312.000,0.000,0.000,33554432.000,0.000,0.000,33554432.000,0.134,4819979433.000,1.000,0.000,0.000,3.000,0.082,3.000,0.000,0.000,0.000,0.000,72473.472,2622670.000,0.025,13812.102,0.088,49247.027,3201696935.000,897966211.000,6.139,1653.918,59852.000,14634161.987,529581054.000,0.000,0.000,NaN,NaN,0.000,0.000,224.849,759.000,0.000,0.000,1418.204,51200.000,10327.000,10327.000,1.711,1.432,15.000,826.959,17696.353,41320.000,29926.000,0.000,826.959,29926.000,1786.710,65013.000,0.000,0.000,0.000,0.000,0.000,0.000,21.942,49445.401,23171.699,794.000,1785424.000,836452.000,2.155,9791182.475,4874994.267,78.000,353549808.000,176031168.000,NaN,0.607,3.482,NaN,15.000,15.000,0.055,590.905,237.808,39.000,16569.799,20499.728,48.000,41320.000,20680.000,2.000,21337.000,8587.000,0.055,590.905,237.880,2.000,21337.000,8587.000,14624924.517,527974400.000,1.000,0.000,0.000,0.000,0.000,1418.243,51200.000
51200,10240,1,"none",5,16384,20,7,10312.000,10312.000,0.000,0.000,33554432.000,0.000,0.000,33554432.000,0.135,4890607977.000,1.000,0.000,0.000,3.000,0.082,3.000,0.000,0.000,0.000,0.000,72067.415,2612660.000,0.024,13003.917,0.092,50332.292,3347701415.000,864916559.000,6.206,1629.668,59082.000,14607095.879,529565654.000,0.000,0.000,NaN,NaN,0.000,0.000,227.252,775.000,0.000,0.000,1415.655,51200.000,10327.000,10327.000,1.733,1.438,20.000,814.834,17926.463,41320.000,29541.000,0.000,814.857,29541.000,1824.146,66512.000,0.000,0.000,0.000,0.000,0.000,0.000,21.902,49027.312,23182.590,794.000,1773514.000,838352.000,2.151,9763434.732,4875963.067,78.000,353182488.000,176383088.000,NaN,0.570,3.547,NaN,15.000,20.000,0.055,578.466,238.099,39.000,16877.687,20478.705,48.000,41320.000,20680.000,2.000,20926.000,8613.000,0.055,578.482,238.172,2.000,20926.000,8613.000,14598639.606,527974400.000,1.000,0.000,0.000,0.000,0.000,1415.694,51200.000
51200,10240,1,"none",5,16384,1000,7,10312.000,10312.000,0.000,0.000,33554432.000,0.000,0.000,33554432.000,0.135,4854168314.000,1.000,0.000,0.000,3.000,0.082,3.000,0.000,0.000,0.000,0.000,71520.597,2588688.000,0.024,13416.644,0.089,50803.579,3254274044.000,859416559.000,6.132,1581.204,57238.000,14628270.781,529528774.000,0.000,0.000,NaN,NaN,0.000,0.000,225.688,751.000,0.000,0.000,1418.518,51200.000,10327.000,10327.000,1.789,1.504,18.000,790.602,18502.700,41320.000,28619.000,0.000,790.689,28619.000,1759.055,64056.000,0.000,0.000,0.000,0.000,0.000,0.000,21.937,48512.132,23181.508,794.000,1751482.000,836412.000,2.155,9781412.293,4888190.883,78.000,353138328.000,176390368.000,NaN,0.646,3.523,NaN,17.000,18.000,0.055,556.186,236.580,39.000,17586.570,20661.868,48.000,41320.000,20680.000,2.000,20080.000,8537.000,0.055,556.186,236.613,2.000,20080.000,8537.000,14628166.126,527974400.000,1.000,0.000,0.000,0.000,0.000,1418.558,51200.000
51200,10240,1,"none",10,16384,0,7,10312.000,10312.000,0.000,0.000,33554432.000,0.000,0.000,33554432.000,0.122,4334792219.000,1.000,0.000,0.000,3.000,0.084,3.000,0.000,0.000,0.000,0.000,72743.005,2591906.000,0.023,13048.623,0.077,44250.038,2752662086.000,811715714.000,5.578,1613.336,57488.000,14860768.782,529533774.000,0.000,0.000,NaN,NaN,0.000,0.000,203.269,704.000,0.000,0.000,1440.671,51200.000,10327.000,10327.000,1.781,2.605,19.000,806.668,18422.411,41320.000,28744.000,0.000,806.713,28744.000,1734.960,62207.000,0.000,0.000,0.000,0.000,0.000,0.000,21.386,49457.845,23447.494,762.000,1758078.000,833066.000,2.189,9959236.166,4939289.920,78.000,354020968.000,175512728.000,NaN,1.004,6.400,NaN,17.000,19.000,0.056,568.712,239.939,39.000,17511.920,20585.589,48.000,41320.000,20680.000,2.000,20216.000,8526.000,0.056,568.712,239.973,2.000,20216.000,8526.000,14856615.454,527974400.000,1.000,0.000,0.000,0.000,0.000,1440.711,51200.000
51200,10240,1,"none",10,16384,20,7,10312.000,10312.000,0.000,0.000,33554432.000,0.000,0.000,33554432.000,0.125,4442146404.000,1.000,0.000,0.000,3.000,0.084,3.000,0.000,0.000,0.000,0.000,72159.133,2576514.000,0.022,12602.687,0.079,45121.180,2846244032.000,794977520.000,5.656,1576.790,56304.000,14828892.517,529510094.000,0.000,0.000,NaN,NaN,0.000,0.000,206.625,685.000,0.000,0.000,1437.354,51200.000,10327.000,10327.000,1.819,2.670,19.000,788.395,18808.969,41320.000,28152.000,0.000,788.439,28152.000,1756.320,63080.000,0.000,0.000,0.000,0.000,0.000,0.000,21.342,48712.305,23595.338,762.000,1735522.000,840230.000,2.184,9889800.657,4974758.880,78.000,352343928.000,177166088.000,NaN,1.020,6.432,NaN,14.000,19.000,0.056,549.302,240.923,39.000,18004.289,20648.728,48.000,41320.000,20680.000,2.000,19570.000,8580.000,0.056,549.287,240.944,2.000,19570.000,8580.000,14822414.374,527974400.000,1.000,0.000,0.000,0.000,0.000,1437.395,51200.000
51200,10240,1,"none",10,16384,1000,6,10312.000,10312.000,0.000,0.000,33554432.000,0.000,0.000,33554432.000,0.124,4396793390.000,1.000,0.000,0.000,3.000,0.084,3.000,0.000,0.000,0.000,0.000,71994.727,2566972.000,0.022,12245.793,0.081,46203.826,2916200681.000,772905450.000,5.603,1558.416,55570.000,14849274.048,529495414.000,0.000,0.000,NaN,NaN,0.000,0.000,204.218,689.000,0.000,0.000,1439.456,51200.000,10327.000,10327.000,1.843,2.681,17.000,779.208,19056.880,41320.000,27785.000,0.000,779.274,27785.000,1759.576,63116.000,0.000,0.000,0.000,0.000,0.000,0.000,21.372,48722.157,23427.591,762.000,1733242.000,832968.000,2.187,9947708.880,4939266.192,78.000,353869848.000,175625488.000,NaN,1.021,6.444,NaN,15.000,17.000,0.056,541.872,239.250,39.000,18358.054,20644.821,48.000,41320.000,20680.000,2.000,19276.000,8507.000,0.056,541.856,239.263,2.000,19276.000,8507.000,14845336.707,527974400.000,1.000,0.000,0.000,0.000,0.000,1439.618,51200.000
